{
  "metadata": {
    "name": "PlantDoc Disease Knowledge Base",
    "version": "1.0.0",
    "domain": "plant_disease_diagnosis",
    "description": "Comprehensive plant disease database for AI-powered diagnosis",
    "last_updated": "2024-01-15",
    "total_diseases": 18,
    "supported_plants": ["tomato", "potato", "rice", "corn", "pepper"]
  },
  
  "system_prompt": "You are PlantDoc, an AI-powered plant disease diagnosis assistant designed to help farmers identify and treat plant diseases. You have extensive knowledge of agricultural diseases, their symptoms, and treatments. Be helpful, clear, and provide actionable treatment recommendations. Always suggest consulting local agricultural experts for severe cases. Use simple language that farmers can understand easily.",
  
  "conversation_guidelines": {
    "greeting": "Warmly greet users and explain your purpose as a plant disease diagnostic assistant",
    "data_collection_order": [
      "plant_type",
      "visible_symptoms",
      "leaf_color_changes",
      "stem_fruit_root_discoloration",
      "wilting_status",
      "growing_environment",
      "photo_availability"
    ],
    "analysis_steps": [
      "Summarize collected information",
      "Match symptoms to knowledge base",
      "Calculate confidence based on symptom matches",
      "Rank diseases by confidence"
    ],
    "result_format": {
      "show_top_diseases": 3,
      "include": ["disease_name", "description", "confidence_percentage", "treatment_steps"]
    },
    "follow_up_options": [
      "Explain more about any disease",
      "Provide prevention tips",
      "Start a new diagnosis",
      "Answer additional questions"
    ]
  },
  
  "confidence_rules": {
    "exact_symptom_match": 15,
    "related_symptom_match": 8,
    "environment_match": 10,
    "multiple_symptom_bonus": 5,
    "photo_provided_bonus": 10,
    "maximum_confidence": 95
  },
  
  "diseases": {
    "tomato": [
      {
        "id": "tomato_early_blight",
        "name": "Early Blight",
        "scientific_name": "Alternaria solani",
        "severity": "moderate",
        "spread_rate": "medium",
        "symptoms": {
          "primary": [
            "Dark spots with concentric rings on leaves",
            "Target-like pattern (bull's eye appearance)",
            "Lower leaves affected first",
            "Yellowing around spots"
          ],
          "secondary": [
            "Stem lesions",
            "Fruit rot at stem end",
            "Leaf drop"
          ]
        },
        "favorable_conditions": {
          "temperature": "75-85°F (24-29°C)",
          "humidity": "high",
          "moisture": "wet foliage, frequent rain",
          "other": "stressed plants, poor nutrition"
        },
        "treatments": [
          "Remove and destroy affected leaves immediately",
          "Apply copper-based fungicide (follow label directions)",
          "Improve air circulation by pruning",
          "Water at base of plant, avoid wetting leaves",
          "Apply mulch to prevent soil splash"
        ],
        "prevention": [
          "Use certified disease-free seeds",
          "Practice 2-3 year crop rotation",
          "Plant resistant varieties if available",
          "Maintain proper plant spacing",
          "Remove plant debris after harvest"
        ],
        "organic_options": [
          "Neem oil spray",
          "Baking soda solution (1 tbsp per gallon water)",
          "Compost tea foliar spray"
        ]
      },
      {
        "id": "tomato_late_blight",
        "name": "Late Blight",
        "scientific_name": "Phytophthora infestans",
        "severity": "severe",
        "spread_rate": "very fast",
        "symptoms": {
          "primary": [
            "Water-soaked spots on leaves",
            "White fuzzy mold on leaf undersides",
            "Rapid plant death (can kill in days)",
            "Greasy-looking dark spots"
          ],
          "secondary": [
            "Brown lesions on stems",
            "Firm brown rot on fruit",
            "Entire plant collapse"
          ]
        },
        "favorable_conditions": {
          "temperature": "60-70°F (15-21°C)",
          "humidity": "very high (above 90%)",
          "moisture": "wet, cool, foggy conditions",
          "other": "spreads rapidly in rain"
        },
        "treatments": [
          "Remove and DESTROY (burn or bag) infected plants immediately",
          "Do NOT compost infected material",
          "Apply preventive fungicide to nearby healthy plants",
          "Chlorothalonil or copper-based products",
          "Stop overhead watering immediately"
        ],
        "prevention": [
          "Plant resistant varieties (look for 'Ph' resistance)",
          "Avoid planting near potatoes",
          "Ensure excellent air circulation",
          "Scout fields daily during favorable conditions",
          "Use drip irrigation only"
        ],
        "organic_options": [
          "Copper hydroxide (approved for organic)",
          "Remove infected plants at first sign",
          "Increase plant spacing significantly"
        ],
        "urgent_warning": "This disease can destroy entire fields in 7-10 days. Act immediately upon detection!"
      },
      {
        "id": "tomato_septoria",
        "name": "Septoria Leaf Spot",
        "scientific_name": "Septoria lycopersici",
        "severity": "moderate",
        "spread_rate": "medium",
        "symptoms": {
          "primary": [
            "Small circular spots (1/8 inch) with dark borders",
            "Gray or tan centers in spots",
            "Tiny black dots (pycnidia) visible in spot centers",
            "Starts on lower leaves, moves upward"
          ],
          "secondary": [
            "Severe leaf drop",
            "Reduced fruit production",
            "Sunscald on exposed fruit"
          ]
        },
        "favorable_conditions": {
          "temperature": "68-77°F (20-25°C)",
          "humidity": "high",
          "moisture": "wet leaves, rain splash",
          "other": "spreads by water splash and tools"
        },
        "treatments": [
          "Remove lower affected leaves (up to 1/3 of plant)",
          "Apply fungicide containing chlorothalonil or copper",
          "Mulch around plants to prevent soil splash",
          "Stake plants to keep leaves off ground",
          "Disinfect tools between plants"
        ],
        "prevention": [
          "Rotate crops for 3+ years",
          "Use drip irrigation",
          "Plant resistant varieties",
          "Remove all plant debris in fall",
          "Avoid working in wet garden"
        ],
        "organic_options": [
          "Copper fungicide spray",
          "Baking soda spray",
          "Remove infected leaves promptly"
        ]
      }
    ],
    
    "potato": [
      {
        "id": "potato_late_blight",
        "name": "Late Blight",
        "scientific_name": "Phytophthora infestans",
        "severity": "severe",
        "spread_rate": "very fast",
        "symptoms": {
          "primary": [
            "Dark, water-soaked lesions on leaves",
            "White mold on leaf undersides (humid conditions)",
            "Rapid browning and death of foliage",
            "Reddish-brown dry rot on tubers"
          ],
          "secondary": [
            "Soft, smelly tuber rot in storage",
            "Complete plant death within days"
          ]
        },
        "favorable_conditions": {
          "temperature": "50-60°F (10-15°C)",
          "humidity": "above 90%",
          "moisture": "cool, wet, cloudy weather",
          "other": "morning dew, fog"
        },
        "treatments": [
          "Destroy infected plants immediately (burn or bag)",
          "Apply preventive fungicide to remaining plants",
          "Kill vines 2-3 weeks before harvest if infected",
          "Do not harvest wet tubers",
          "Cure tubers properly before storage"
        ],
        "prevention": [
          "Use certified disease-free seed potatoes",
          "Plant resistant varieties",
          "Hill soil around plants",
          "Avoid overhead irrigation",
          "Scout fields during risky weather"
        ],
        "organic_options": [
          "Copper-based fungicides",
          "Plant early-maturing varieties",
          "Destroy all volunteer potato plants"
        ],
        "historical_note": "This disease caused the Irish Potato Famine (1845-1852)"
      },
      {
        "id": "potato_early_blight",
        "name": "Early Blight",
        "scientific_name": "Alternaria solani",
        "severity": "moderate",
        "spread_rate": "medium",
        "symptoms": {
          "primary": [
            "Target-like concentric rings on lower leaves first",
            "Dark brown to black spots",
            "Yellowing around lesions",
            "Premature leaf drop"
          ],
          "secondary": [
            "Dark, leathery lesions on tubers",
            "Reduced yield"
          ]
        },
        "favorable_conditions": {
          "temperature": "75-84°F (24-29°C)",
          "humidity": "high",
          "moisture": "alternating wet and dry periods",
          "other": "stressed or weak plants"
        },
        "treatments": [
          "Remove affected lower leaves",
          "Apply copper or chlorothalonil fungicide",
          "Maintain proper plant nutrition",
          "Ensure adequate potassium",
          "Water consistently to reduce stress"
        ],
        "prevention": [
          "Rotate crops for 2+ years",
          "Use certified seed potatoes",
          "Maintain good soil fertility",
          "Avoid overhead watering",
          "Hill plants adequately"
        ],
        "organic_options": [
          "Copper fungicide",
          "Improve soil with compost",
          "Plant resistant varieties"
        ]
      },
      {
        "id": "potato_black_scurf",
        "name": "Black Scurf",
        "scientific_name": "Rhizoctonia solani",
        "severity": "moderate",
        "spread_rate": "slow",
        "symptoms": {
          "primary": [
            "Black, hard masses (sclerotia) on tuber surface",
            "Rusty brown cankers on stems near soil line",
            "Delayed emergence",
            "Aerial tubers forming"
          ],
          "secondary": [
            "Stunted plants",
            "Rolled, purplish leaves",
            "Reduced tuber quality"
          ]
        },
        "favorable_conditions": {
          "temperature": "cool soil at planting",
          "humidity": "moderate to high",
          "moisture": "cold, wet spring soil",
          "other": "compacted soil, deep planting"
        },
        "treatments": [
          "Plant in warm soil (above 50°F/10°C)",
          "Use seed treatments if available",
          "Avoid deep planting",
          "Harvest promptly when mature",
          "Brush off sclerotia before storage"
        ],
        "prevention": [
          "Use certified clean seed",
          "Rotate crops for 3-4 years",
          "Improve soil drainage",
          "Avoid planting in compacted soil",
          "Warm seed before planting"
        ],
        "organic_options": [
          "Biological seed treatments",
          "Green manure cover crops",
          "Proper crop rotation"
        ]
      }
    ],
    
    "rice": [
      {
        "id": "rice_blast",
        "name": "Rice Blast",
        "scientific_name": "Magnaporthe oryzae",
        "severity": "severe",
        "spread_rate": "fast",
        "symptoms": {
          "primary": [
            "Diamond-shaped lesions with gray centers",
            "Brown borders around lesions",
            "Lesions on leaves, nodes, and panicles",
            "Neck rot (panicle blast) - most damaging"
          ],
          "secondary": [
            "White, empty panicles",
            "Node blackening",
            "Plant lodging"
          ]
        },
        "favorable_conditions": {
          "temperature": "77-82°F (25-28°C)",
          "humidity": "above 93%",
          "moisture": "prolonged leaf wetness",
          "other": "excessive nitrogen, cloudy weather"
        },
        "treatments": [
          "Apply fungicides (tricyclazole, azoxystrobin) at first sign",
          "Reduce nitrogen application",
          "Drain fields periodically",
          "Remove infected plant debris",
          "Apply silicon-based fertilizers"
        ],
        "prevention": [
          "Plant resistant varieties (most effective)",
          "Use balanced fertilization (avoid excess N)",
          "Maintain proper water management",
          "Ensure good field drainage",
          "Use certified, treated seed"
        ],
        "organic_options": [
          "Trichoderma-based biocontrol",
          "Silicon application",
          "Resistant variety selection"
        ]
      },
      {
        "id": "rice_bacterial_blight",
        "name": "Bacterial Leaf Blight",
        "scientific_name": "Xanthomonas oryzae pv. oryzae",
        "severity": "severe",
        "spread_rate": "fast",
        "symptoms": {
          "primary": [
            "Yellow-orange stripes along leaf margins",
            "Wilting from leaf tips (kresek phase)",
            "Grayish-white lesions that dry out",
            "Bacterial ooze visible in morning dew"
          ],
          "secondary": [
            "Pale yellow leaves",
            "Stunted tillers",
            "Empty grains"
          ]
        },
        "favorable_conditions": {
          "temperature": "77-86°F (25-30°C)",
          "humidity": "high",
          "moisture": "heavy rain, flooding",
          "other": "wounds from insects or wind"
        },
        "treatments": [
          "Drain fields to dry conditions",
          "Apply copper-based bactericides",
          "Remove severely infected plants",
          "Reduce nitrogen fertilization",
          "Avoid field work when wet"
        ],
        "prevention": [
          "Use resistant varieties (most important)",
          "Use disease-free seeds",
          "Balanced fertilization",
          "Control weeds that harbor bacteria",
          "Proper water management"
        ],
        "organic_options": [
          "Copper hydroxide (approved for organic)",
          "Pseudomonas-based biocontrol",
          "Resistant varieties"
        ]
      },
      {
        "id": "rice_sheath_blight",
        "name": "Sheath Blight",
        "scientific_name": "Rhizoctonia solani",
        "severity": "moderate to severe",
        "spread_rate": "medium",
        "symptoms": {
          "primary": [
            "Oval or irregular lesions on leaf sheaths",
            "Gray-green water-soaked spots initially",
            "Lesions with gray-white centers and brown borders",
            "Lesions can girdle the sheath"
          ],
          "secondary": [
            "Soft rotting of tillers",
            "Lodging in severe cases",
            "Poor grain filling"
          ]
        },
        "favorable_conditions": {
          "temperature": "82-86°F (28-30°C)",
          "humidity": "above 95%",
          "moisture": "high water levels",
          "other": "dense planting, excess nitrogen"
        },
        "treatments": [
          "Apply fungicides (validamycin, hexaconazole)",
          "Lower water level in paddy",
          "Reduce nitrogen application",
          "Remove infected plant parts",
          "Improve air circulation"
        ],
        "prevention": [
          "Use recommended plant spacing",
          "Avoid excessive nitrogen",
          "Use resistant or tolerant varieties",
          "Proper water management",
          "Remove sclerotia from field after harvest"
        ],
        "organic_options": [
          "Trichoderma applications",
          "Proper spacing",
          "Balanced organic fertilization"
        ]
      }
    ],
    
    "corn": [
      {
        "id": "corn_northern_leaf_blight",
        "name": "Northern Corn Leaf Blight",
        "scientific_name": "Exserohilum turcicum",
        "severity": "moderate to severe",
        "spread_rate": "medium",
        "symptoms": {
          "primary": [
            "Long, cigar-shaped grayish-green lesions",
            "Lesions 1-6 inches long",
            "Gray spores visible on lesion surface",
            "Lower leaves affected first"
          ],
          "secondary": [
            "Extensive leaf death in severe cases",
            "Reduced photosynthesis",
            "Yield loss up to 50% if severe"
          ]
        },
        "favorable_conditions": {
          "temperature": "64-80°F (18-27°C)",
          "humidity": "high",
          "moisture": "heavy dews, frequent rain",
          "other": "continuous corn cropping"
        },
        "treatments": [
          "Apply foliar fungicides (azoxystrobin, pyraclostrobin)",
          "Time application at VT/R1 growth stage",
          "Scout fields regularly",
          "Consider economics before treating"
        ],
        "prevention": [
          "Plant resistant hybrids (Ht genes)",
          "Rotate crops to reduce inoculum",
          "Till under crop residue",
          "Avoid continuous corn",
          "Choose adapted hybrids for your region"
        ],
        "organic_options": [
          "Resistant varieties",
          "Crop rotation",
          "Residue management"
        ]
      },
      {
        "id": "corn_gray_leaf_spot",
        "name": "Gray Leaf Spot",
        "scientific_name": "Cercospora zeae-maydis",
        "severity": "moderate to severe",
        "spread_rate": "medium",
        "symptoms": {
          "primary": [
            "Rectangular gray-tan lesions",
            "Lesions parallel to leaf veins",
            "Distinct parallel edges",
            "Lesions may join together"
          ],
          "secondary": [
            "Extensive leaf death",
            "Stalk rot may follow",
            "Significant yield loss possible"
          ]
        },
        "favorable_conditions": {
          "temperature": "77-86°F (25-30°C)",
          "humidity": "above 90%",
          "moisture": "prolonged leaf wetness",
          "other": "minimum tillage, corn-on-corn"
        },
        "treatments": [
          "Apply fungicides (strobilurin + triazole)",
          "Time applications at VT-R2",
          "Scout lower canopy for early symptoms",
          "Consider hybrid susceptibility"
        ],
        "prevention": [
          "Plant resistant hybrids",
          "Rotate with non-host crops",
          "Manage crop residue",
          "Avoid planting susceptible hybrids in high-risk fields",
          "Use balanced fertility"
        ],
        "organic_options": [
          "Crop rotation (2+ years)",
          "Resistant varieties",
          "Tillage to bury residue"
        ]
      },
      {
        "id": "corn_common_rust",
        "name": "Common Rust",
        "scientific_name": "Puccinia sorghi",
        "severity": "low to moderate",
        "spread_rate": "fast",
        "symptoms": {
          "primary": [
            "Reddish-brown circular pustules",
            "Pustules on both leaf surfaces",
            "Pustules break through leaf surface",
            "Red-brown spore powder when touched"
          ],
          "secondary": [
            "Severe infection causes yellowing",
            "Premature leaf death",
            "Usually not economically important in field corn"
          ]
        },
        "favorable_conditions": {
          "temperature": "60-77°F (16-25°C)",
          "humidity": "high",
          "moisture": "dew, light rain",
          "other": "spores blow in from southern regions"
        },
        "treatments": [
          "Fungicide application if severe and early",
          "Usually not warranted in field corn",
          "Sweet corn may benefit from treatment",
          "Scout to assess severity"
        ],
        "prevention": [
          "Plant resistant hybrids (Rp genes)",
          "Plant early to avoid peak rust season",
          "Remove volunteer corn",
          "Monitor weather forecasts for rust-favorable conditions"
        ],
        "organic_options": [
          "Resistant varieties (primary method)",
          "Early planting",
          "Sulfur-based fungicides if permitted"
        ]
      }
    ],
    
    "pepper": [
      {
        "id": "pepper_bacterial_spot",
        "name": "Bacterial Spot",
        "scientific_name": "Xanthomonas campestris pv. vesicatoria",
        "severity": "moderate to severe",
        "spread_rate": "fast in wet conditions",
        "symptoms": {
          "primary": [
            "Water-soaked spots on leaves",
            "Spots turn brown with yellow halos",
            "Raised, scab-like spots on fruit",
            "Leaf drop in severe cases"
          ],
          "secondary": [
            "Defoliation exposes fruit to sunscald",
            "Fruit lesions reduce marketability",
            "Reduced yield"
          ]
        },
        "favorable_conditions": {
          "temperature": "75-86°F (24-30°C)",
          "humidity": "high",
          "moisture": "rain, overhead irrigation",
          "other": "wounds from wind, insects, tools"
        },
        "treatments": [
          "Apply copper-based bactericides",
          "Mix copper with mancozeb for better control",
          "Apply before and during wet weather",
          "Remove severely infected plants"
        ],
        "prevention": [
          "Use certified disease-free seed",
          "Use resistant varieties",
          "Avoid overhead irrigation",
          "Rotate crops for 2-3 years",
          "Disinfect tools and hands"
        ],
        "organic_options": [
          "Copper hydroxide (approved for organic)",
          "Hot water seed treatment",
          "Resistant varieties"
        ]
      },
      {
        "id": "pepper_anthracnose",
        "name": "Anthracnose",
        "scientific_name": "Colletotrichum species",
        "severity": "moderate to severe",
        "spread_rate": "medium",
        "symptoms": {
          "primary": [
            "Sunken, circular lesions on fruit",
            "Lesions with concentric rings",
            "Salmon-pink spore masses in lesions",
            "Fruit rot, especially ripe fruit"
          ],
          "secondary": [
            "Stem lesions",
            "Leaf spots",
            "Post-harvest rot"
          ]
        },
        "favorable_conditions": {
          "temperature": "80-86°F (27-30°C)",
          "humidity": "above 95%",
          "moisture": "rain, overhead irrigation",
          "other": "injured fruit, overripe fruit"
        },
        "treatments": [
          "Apply fungicides (chlorothalonil, mancozeb)",
          "Harvest fruit promptly",
          "Remove infected fruit from field",
          "Improve air circulation"
        ],
        "prevention": [
          "Use resistant varieties",
          "Use disease-free seed",
          "Rotate crops 2-3 years",
          "Avoid injuring fruit during harvest",
          "Control weeds"
        ],
        "organic_options": [
          "Copper fungicides",
          "Bacillus-based biocontrol",
          "Resistant varieties"
        ]
      },
      {
        "id": "pepper_phytophthora",
        "name": "Phytophthora Blight",
        "scientific_name": "Phytophthora capsici",
        "severity": "severe",
        "spread_rate": "very fast in wet soil",
        "symptoms": {
          "primary": [
            "Sudden wilting despite wet soil",
            "Dark brown lesions at stem base",
            "White mold on stem lesions",
            "Water-soaked fruit rot"
          ],
          "secondary": [
            "Root rot",
            "Complete plant death",
            "Seedling damping-off"
          ]
        },
        "favorable_conditions": {
          "temperature": "77-86°F (25-30°C)",
          "humidity": "high",
          "moisture": "saturated soil, flooding",
          "other": "poor drainage, low areas"
        },
        "treatments": [
          "Improve field drainage immediately",
          "Apply fungicides (mefenoxam, phosphonates)",
          "Remove and destroy infected plants",
          "Do not compost infected material"
        ],
        "prevention": [
          "Plant on raised beds",
          "Ensure excellent drainage",
          "Use resistant varieties when available",
          "Rotate with non-host crops (grains)",
          "Avoid overhead irrigation"
        ],
        "organic_options": [
          "Raised bed planting",
          "Phosphonate products (some approved)",
          "Excellent drainage management"
        ],
        "urgent_warning": "This pathogen survives in soil for years. Prevention is critical!"
      }
    ]
  },
  
  "symptom_index": {
    "spots_on_leaves": [
      "tomato_early_blight",
      "tomato_septoria",
      "potato_early_blight",
      "pepper_bacterial_spot"
    ],
    "yellowing": [
      "tomato_early_blight",
      "rice_bacterial_blight",
      "corn_common_rust"
    ],
    "wilting": [
      "tomato_late_blight",
      "potato_late_blight",
      "rice_bacterial_blight",
      "pepper_phytophthora"
    ],
    "white_mold": [
      "tomato_late_blight",
      "potato_late_blight",
      "pepper_phytophthora"
    ],
    "brown_patches": [
      "tomato_late_blight",
      "tomato_early_blight",
      "corn_northern_leaf_blight",
      "potato_early_blight"
    ],
    "fruit_rot": [
      "tomato_late_blight",
      "pepper_anthracnose",
      "pepper_phytophthora"
    ],
    "concentric_rings": [
      "tomato_early_blight",
      "potato_early_blight",
      "pepper_anthracnose"
    ],
    "rapid_death": [
      "tomato_late_blight",
      "potato_late_blight",
      "pepper_phytophthora"
    ]
  },
  
  "general_prevention_tips": [
    "Practice crop rotation (minimum 2-3 years)",
    "Use certified disease-free seeds and transplants",
    "Maintain proper plant spacing for air circulation",
    "Water at the base of plants, avoid wetting foliage",
    "Remove and destroy infected plant material",
    "Clean and disinfect tools between plants",
    "Monitor plants regularly for early symptoms",
    "Maintain proper soil nutrition and pH",
    "Control weeds that may harbor diseases",
    "Choose disease-resistant varieties when available"
  ],
  
  "when_to_seek_expert_help": [
    "Symptoms spread rapidly despite treatment",
    "More than 30% of crop is affected",
    "Symptoms don't match known diseases",
    "Multiple diseases appear simultaneously",
    "First-time occurrence of severe disease",
    "High-value crop at risk"
  ]
}